Model,Accuracy,Recall,ROC-AUC
Logistic Regression,0.716,0.21678321678321677,0.7108234902352549
Random Forest,0.712,0.1958041958041958,0.6891956083132553
XGBoost,0.714,0.3006993006993007,0.6950647391823862
